Asset,RW_MSE,RW_MAE,GARCH_MSE,GARCH_MAE,Prophet_MSE,Prophet_MAE,LSTM_MSE,LSTM_MAE
SP500_ret,0.0004432829304546209,0.013771306358061574,8.298551035721557e-05,0.006821182353166996,0.00010853600769359018,0.008113194230506588,9.364188113341847e-05,0.007281330120945632
NASDAQ_ret,0.0005316579309578102,0.016265421727122104,0.00015088533372759966,0.009105952864964404,0.0001685123258431063,0.00987028581197781,0.00017487855950645598,0.0099828776789583
SPY_ret,0.00042134004137124397,0.013537214329942824,8.150534365699007e-05,0.006783363549024775,0.00010572186552639247,0.008015902155242149,8.87853362825291e-05,0.0071092024296441885
QQQ_ret,0.0005397938929272354,0.01641653751930053,0.00016382623491197862,0.009447628432175318,0.00017898758469288615,0.010032904918640485,0.00017414717932334362,0.00968977788498248
VTI_ret,0.00044356752649429365,0.014052504277497928,8.616058019429498e-05,0.006990414770358966,0.00010796325854512208,0.00811751720823179,9.898724800042782e-05,0.007622123954078414
IVV_ret,0.0004409456187383051,0.013679669288790827,8.142605439569033e-05,0.006780956164162837,0.00010461761868626428,0.007980428340443511,9.942295053306512e-05,0.0076371307948502
ARKK_ret,0.0013262728881820733,0.028459054261454834,0.0006025493481260271,0.019148492152725252,0.0006575423556719371,0.019967406373823465,0.0006179124140645633,0.0194912479884999
