Asset,RW_MSE,RW_MAE,GARCH_MSE,GARCH_MAE,Prophet_MSE,Prophet_MAE,LSTM_MSE,LSTM_MAE
SP500_ret,0.00012122514335679264,0.008425680943102636,6.786778450825811e-05,0.0062223487584562335,0.0001011975117869144,0.007664731783661021,6.779495351675552e-05,0.0061882186626031925
NASDAQ_ret,0.0002125361459842535,0.011120283286087615,0.00012825196440759888,0.00845814554249858,0.0001554666301201053,0.009555412939850376,6.939049220139539e-05,0.0062827451750318035
SPY_ret,0.000120622636495584,0.008416132911394252,6.67146076877398e-05,0.006178975525178646,9.92538822051835e-05,0.007616272643899681,7.409137245371275e-05,0.00659810877414901
QQQ_ret,0.00021633344507685396,0.01117575884789764,0.00013119980612682111,0.008631034884778939,0.00015503505595870247,0.009542097602223272,6.968270201291996e-05,0.006274249271731751
VTI_ret,0.00012995127665559899,0.00873800425391747,7.336847197328629e-05,0.006494013706889664,0.00010475440683141211,0.007857701607136027,6.92985194648619e-05,0.006274628898879876
IVV_ret,0.00012096416294096354,0.008404991064359778,6.669909582020033e-05,0.0061814329034107895,9.773784489765825e-05,0.007554453898512161,7.178323258704401e-05,0.006389384113892015
ARKK_ret,0.0008912776652643507,0.022915641184501345,0.0006242220870764534,0.01937791871852956,0.000710902167008695,0.02043482011009848,8.365333424436875e-05,0.006797441562871595
