Asset,RW_MSE,RW_MAE,GARCH_MSE,GARCH_MAE,Prophet_MSE,Prophet_MAE,LSTM_MSE,LSTM_MAE
SP500_ret,0.00017968377281113522,0.010540747416606232,5.2683078730250486e-05,0.005715229406867462,7.316238554860215e-05,0.006675966530735432,5.55365954399366e-05,0.005855650255558509
NASDAQ_ret,0.00033283893737949034,0.014585209206954622,9.522672268532429e-05,0.007643132347422442,0.00012749495302969848,0.008835701881683691,9.778044092841162e-05,0.007913330777916174
SPY_ret,0.00017912272397583892,0.010493030680519053,5.19445903363752e-05,0.005667321762601876,7.318904044079758e-05,0.0066372361022127005,5.555801857824654e-05,0.005888742669749607
QQQ_ret,0.0003444331846577407,0.01481416991625524,9.953158364681327e-05,0.007813922852097558,0.00013755570580352734,0.00916406109394838,0.00012333792023638742,0.009093132881868528
VTI_ret,0.00019110863899345445,0.010861800941243461,5.655456169257539e-05,0.005968320758993347,7.665518805202055e-05,0.006862120936786382,5.664668926507217e-05,0.005980885085015108
IVV_ret,0.00017874701767246095,0.010484543223960573,5.2391600505786475e-05,0.005698984369527895,7.3564756117855e-05,0.006671923484035912,5.337783460231549e-05,0.005787903640988341
ARKK_ret,0.0016931985688266088,0.03379201381267776,0.0005507465508759084,0.018184203988108036,0.0006257765500721081,0.01947803516234943,0.0006109736755602925,0.018947032742900796
